"t","x","U","Y"
0,0,0.978005659308263,0
0.025,0,1.00903386187562,0
0.05,0,1.00616461380132,0
0.075,0,0.967695047256646,0
0.1,0,0.893023113525582,0
0.125,0,0.782809040989955,0
0.15,0,0.639129077817617,0
0.175,0,0.465581311620637,0
0.2,0,0.267297690233465,0
0.225,0,0.0508240918499826,0
0.25,0,-0.176145751757982,0
0.275,0,-0.405165577092034,0
0.3,0,-0.627516222842092,0
0.325,0,-0.834705982256337,0
0.35,0,-1.01893182683526,0
0.375,0,-1.17345771085975,0
0.4,0,-1.29289727573223,0
0.425,0,-1.37341363549574,0
0.45,0,-1.41286596675808,0
0.475,0,-1.41092886446734,0
0.5,0,-1.36919331287936,0
0.525,0,-1.29122797780925,0
0.55,0,-1.18255518346668,0
0.575,0,-1.05048392856887,0
0.6,0,-0.90375194392222,0
0.625,0,-0.75195443607392,0
0.65,0,-0.604787600488196,0
0.675,0,-0.471176082365133,0
0.7,0,-0.358394658673632,0
0.725,0,-0.271318119598869,0
0.75,0,-0.211923312886729,0
0.775,0,-0.179143506115435,0
0.8,0,-0.169116153005328,0
0.825,0,-0.175807420920208,0
0.85,0,-0.191923626581205,0
0.875,0,-0.209971577038519,0
0.9,0,-0.223294107514971,0
0.925,0,-0.226911981972354,0
0.95,0,-0.218029625578681,0
0.975,0,-0.196133585492778,0
1,0,-0.162679048713494,0
0,0.025,0.937914003005103,0
0.025,0.025,0.978408834674832,0.0103852856672796
0.05,0.025,0.987785174907749,0.0204719117924223
0.075,0.025,0.964631352205164,0.0300091396919605
0.1,0.025,0.908185204586497,0.0387534406212943
0.125,0.025,0.818539861531203,0.0464663915480067
0.15,0.025,0.69689528717221,0.0529240691094036
0.175,0.025,0.545794066729604,0.0579226066668685
0.2,0.025,0.3692719707782,0.061293155684308
0.225,0.025,0.172862390167768,0.0629075397213039
0.25,0.025,-0.0365749065042122,0.0627036003074557
0.275,0.025,-0.251192917915932,0.0606864928446343
0.3,0.025,-0.462620281288517,0.0569413984242395
0.325,0.025,-0.662477399861213,0.0516277797359997
0.35,0.025,-0.84287587628494,0.0449785192653397
0.375,0.025,-0.996846139491388,0.0372878597585454
0.4,0.025,-1.11866685549371,0.0288958914672164
0.425,0.025,-1.20410313024625,0.0201748795274685
0.45,0.025,-1.25057739100133,0.011509412480774
0.475,0.025,-1.25730419748708,0.0032749646817409
0.5,0.025,-1.22539865003758,-0.00417759941958174
0.525,0.025,-1.15794914986278,-0.0105440931228899
0.55,0.025,-1.06001158737082,-0.0155847561299423
0.575,0.025,-0.938473421856379,-0.019141827045929
0.6,0.025,-0.801734383851032,-0.0211527460423953
0.625,0.025,-0.659178319894922,-0.0216581079443798
0.65,0.025,-0.52045150093204,-0.0208015205401906
0.675,0.025,-0.394607263236771,-0.0188210007000308
0.7,0.025,-0.289218951418649,-0.0160297617512071
0.725,0.025,-0.209594842061518,-0.0127891962885735
0.75,0.025,-0.158218341619005,-0.0094760868436289
0.775,0.025,-0.134527476023174,-0.0064455603649023
0.8,0.025,-0.135084170256593,-0.00399821279234347
0.825,0.025,-0.154130711340778,-0.0023531724167147
0.85,0.025,-0.184455640131275,-0.00163142924382758
0.875,0.025,-0.218434577479231,-0.00185264649012712
0.9,0.025,-0.249073848776169,-0.00294415962912942
0.925,0.025,-0.270882070861374,-0.00476164197790237
0.95,0.025,-0.280419218643108,-0.00711634151129835
0.975,0.025,-0.276442884827371,-0.00980445831303976
1,0.025,-0.259638303090678,-0.0126329374193809
0,0.05,0.896259713939046,-4.08123138465584e-08
0.025,0.05,0.948401569023216,0.018791000291924
0.05,0.05,0.972764018328616,0.0371991505215885
0.075,0.05,0.96813381169119,0.0547815945897901
0.1,0.05,0.933480045599477,0.0711033721547804
0.125,0.05,0.868207228172356,0.0857369834603664
0.15,0.05,0.772508480759939,0.0982699818186558
0.175,0.05,0.647736893112526,0.108320240474682
0.2,0.05,0.496699802510908,0.115556636081792
0.225,0.05,0.323794653899409,0.119725890846697
0.25,0.05,0.134937352666134,0.12067770196741
0.275,0.05,-0.0627168092133502,0.118386344768597
0.3,0.05,-0.261217527723559,0.112963991373495
0.325,0.05,-0.452354365250824,0.104663870344574
0.35,0.05,-0.628199300441127,0.0938722246082708
0.375,0.05,-0.781588941777656,0.0810906684274699
0.4,0.05,-0.906507239635879,0.0669113789362757
0.425,0.05,-0.99836444687243,0.051986626493749
0.45,0.05,-1.05419239482616,0.0369954599205197
0.475,0.05,-1.07278686799402,0.0226088971973394
0.5,0.05,-1.05481396593233,0.00945454199002699
0.525,0.05,-1.00288013839725,-0.0019188636221436
0.55,0.05,-0.921530653569957,-0.011075356279024
0.575,0.05,-0.81713211073179,-0.0177222663463479
0.6,0.05,-0.697586575121338,-0.0217346222375621
0.625,0.05,-0.571844910814807,-0.0231693336592382
0.65,0.05,-0.449227789331385,-0.0222662674333547
0.675,0.05,-0.338603576299614,-0.0194330479223834
0.7,0.05,-0.247515033407677,-0.0152128387566657
0.725,0.05,-0.181383863151428,-0.0102368678788486
0.75,0.05,-0.142919928039666,-0.00516552382935588
0.775,0.05,-0.131850580693443,-0.000625322596915374
0.8,0.05,-0.145033679209511,0.00285146390496596
0.825,0.05,-0.176959321270201,0.00487504975257875
0.85,0.05,-0.220573763194729,0.00522803803560183
0.875,0.05,-0.268292066281286,0.0038733466878163
0.9,0.05,-0.313034300581639,0.000938346651391459
0.925,0.05,-0.349101455172437,-0.00332000249779528
0.95,0.05,-0.372740879631032,-0.00856297169628198
0.975,0.05,-0.382312038984504,-0.01442193934827
1,0.05,-0.378036024638852,-0.0205441443487964
0,0.075,0.853210037514448,4.12598886721538e-10
0.025,0.075,0.918370288618819,0.0238535620408213
0.05,0.075,0.959601553654599,0.0475961605495232
0.075,0.075,0.975786086526028,0.0706869718998605
0.1,0.075,0.965518393462735,0.0925868047310779
0.125,0.075,0.927409028478589,0.112754045948422
0.15,0.075,0.860542845553808,0.130650317994587
0.175,0.075,0.764987720309439,0.145757521311656
0.2,0.075,0.642235361923276,0.157604820179571
0.225,0.075,0.495469849484171,0.165803712636471
0.25,0.075,0.329596837157866,0.17008433544215
0.275,0.075,0.151023273251163,0.170327590782822
0.3,0.075,-0.0327727141734145,0.16658754755062
0.325,0.075,-0.213800177437645,0.159100302173019
0.35,0.075,-0.384148994266547,0.148278089910066
0.375,0.075,-0.536531911908534,0.134689622937
0.4,0.075,-0.664724315908762,0.119029756819132
0.425,0.075,-0.763882182564884,0.102081036557906
0.45,0.075,-0.830754068712392,0.0846708633494494
0.475,0.075,-0.863816876819497,0.0676264054555239
0.5,0.075,-0.863363287780327,0.0517291202629263
0.525,0.075,-0.831547893059836,0.0376697673005248
0.55,0.075,-0.772373698638243,0.0260057254483541
0.575,0.075,-0.691580086583608,0.0171227283383511
0.6,0.075,-0.596385461034586,0.011204309913558
0.625,0.075,-0.495047078923264,0.00821322695705186
0.65,0.075,-0.39623985959148,0.00788878205652977
0.675,0.075,-0.308288566825137,0.00976354858088556
0.7,0.075,-0.238337477579721,0.0132008823998234
0.725,0.075,-0.191576018737304,0.0174512917169134
0.75,0.075,-0.170646372168058,0.0217232753456642
0.775,0.075,-0.175349338024823,0.0252604358378345
0.8,0.075,-0.202720293854034,0.0274156978621263
0.825,0.075,-0.247486777373458,0.0277122356657058
0.85,0.075,-0.30284798475642,0.0258821590190342
0.875,0.075,-0.361450493618759,0.0218787130850059
0.9,0.075,-0.416395691634983,0.0158593766847896
0.925,0.075,-0.46209711622337,0.00814527171591274
0.95,0.075,-0.494832150091553,-0.000836819568422637
0.975,0.075,-0.512902912257021,-0.0106164527549809
1,0.075,-0.516383510514897,-0.0207371376150275
0,0.1,0.809278504175233,2.92502028505996e-11
0.025,0.1,0.887943978836248,0.0252239471688798
0.05,0.1,0.946956902381242,0.050982954721113
0.075,0.1,0.985191211331757,0.0767360766964639
0.1,0.1,1.0007752371094,0.101930957110454
0.125,0.1,0.991449431390439,0.125992372760042
0.15,0.1,0.955129873206248,0.148321975603901
0.175,0.1,0.89055331392101,0.168312879482101
0.2,0.1,0.797862734538853,0.185379089105858
0.225,0.1,0.679004685655816,0.198995461996022
0.25,0.1,0.537855273131492,0.208743270629172
0.275,0.1,0.380052347140739,0.214352275011776
0.3,0.1,0.21257210957955,0.215733202318093
0.325,0.1,0.0431382446769277,0.212995554365435
0.35,0.1,-0.120429504342451,0.206447375086784
0.375,0.1,-0.270824040218244,0.196579108036601
0.4,0.1,-0.401746742663762,0.184032574188336
0.425,0.1,-0.508257594200184,0.16956044658922
0.45,0.1,-0.586989282573084,0.153979542597273
0.475,0.1,-0.636256613670412,0.138121689507707
0.5,0.1,-0.656098799551848,0.122784614049424
0.525,0.1,-0.648279132244907,0.108684477565749
0.55,0.1,-0.616238065660345,0.0964117190485173
0.575,0.1,-0.564975766829342,0.0863916079203764
0.6,0.1,-0.500820923641147,0.0788531086727917
0.625,0.1,-0.431049255726178,0.0738086153678348
0.65,0.1,-0.363338564110949,0.0710493929380836
0.675,0.1,-0.305085878269671,0.0701595192240182
0.7,0.1,-0.262652171010952,0.0705502910323378
0.725,0.1,-0.240643791017716,0.0715138598388195
0.75,0.1,-0.241346899598171,0.0722921065990064
0.775,0.1,-0.264435977231989,0.0721531952446257
0.8,0.1,-0.307025272124663,0.0704667129141247
0.825,0.1,-0.364088071844511,0.0667668077933562
0.85,0.1,-0.429186381372134,0.0607944029478835
0.875,0.1,-0.495396143266982,0.0525124251751313
0.9,0.1,-0.556265002203638,0.0420926269637731
0.925,0.1,-0.60662587059031,0.0298764292117087
0.95,0.1,-0.643113388719625,0.0163195426261192
0.975,0.1,-0.66429491799393,0.00192830043940561
1,0.1,-0.670399720753818,-0.0127973379174131
0,0.125,0.765748056884717,7.77486980759932e-12
0.025,0.125,0.857501879476824,0.0236136188106339
0.05,0.125,0.934183379407023,0.0486685123282803
0.075,0.125,0.9945652417033,0.0746973256341257
0.1,0.125,1.03624431299145,0.101204033195981
0.125,0.125,1.05605514842375,0.127642371101406
0.15,0.125,1.05073580360363,0.153407391512457
0.175,0.125,1.01770390500578,0.177844714108512
0.2,0.125,0.955778855001723,0.200279663416396
0.225,0.125,0.86569991848284,0.220059783274413
0.25,0.125,0.75033923724751,0.236607348969022
0.275,0.125,0.614576589652282,0.249470272256718
0.3,0.125,0.464872085298002,0.258364761124438
0.325,0.125,0.308633274633535,0.263202485809293
0.35,0.125,0.153497888989482,0.264098652198156
0.375,0.125,0.00665581020233428,0.261361509201245
0.4,0.125,-0.125698024054846,0.255464509193186
0.425,0.125,-0.238735729117976,0.247007508872822
0.45,0.125,-0.329190793144396,0.236670613401618
0.475,0.125,-0.395415588701431,0.225166026899688
0.5,0.125,-0.437349983834778,0.213190997069429
0.525,0.125,-0.456446583760341,0.201384006107868
0.55,0.125,-0.455570803487126,0.190285212681256
0.575,0.125,-0.438867040193006,0.180302536421013
0.6,0.125,-0.411557767807193,0.171684209515948
0.625,0.125,-0.379634892999152,0.164500611111903
0.65,0.125,-0.349418618256506,0.158638422246713
0.675,0.125,-0.326992323570135,0.153808880156611
0.7,0.125,-0.317558373109914,0.149573938913907
0.725,0.125,-0.324808112429719,0.145388462648749
0.75,0.125,-0.350413871199933,0.140656975605883
0.775,0.125,-0.393754886195066,0.134798408073254
0.8,0.125,-0.451957119496285,0.127311795010087
0.825,0.125,-0.520269462653015,0.11783290162323
0.85,0.125,-0.59273621213844,0.106174015538532
0.875,0.125,-0.663053217326466,0.0923408356340071
0.9,0.125,-0.725457080909657,0.0765235416229087
0.925,0.125,-0.775473273801113,0.0590649651298761
0.95,0.125,-0.810376956085156,0.04041253163835
0.975,0.125,-0.829280536487554,0.0210629062918083
1,0.125,-0.832832315887569,0.00151029425293506
0,0.15,0.724970563825497,-2.99632498194735e-12
0.025,0.15,0.828517038134182,0.0204762462758412
0.05,0.15,0.921723954154179,0.0433524877399947
0.075,0.15,1.00319161015858,0.0682721372441184
0.1,0.15,1.06995698597267,0.0948318781786784
0.125,0.15,1.11796237224222,0.122549691364053
0.15,0.15,1.14281614901999,0.150847457186756
0.175,0.15,1.14068879913706,0.17905474771651
0.2,0.15,1.10915838809895,0.206436239512048
0.225,0.15,1.0478358422623,0.232235615947901
0.25,0.15,0.958652052814618,0.255733192598972
0.275,0.15,0.845761928584948,0.276303889928656
0.3,0.15,0.715102641177582,0.293468056950767
0.325,0.15,0.57370920690211,0.306927129711564
0.35,0.15,0.428926699114718,0.316578585894353
0.375,0.15,0.287663825787086,0.322511393147497
0.4,0.15,0.155801157003031,0.32498170534403
0.425,0.15,0.0378158730796324,0.324377099573235
0.45,0.15,-0.063371374877376,0.321173291828872
0.475,0.15,-0.146371583315715,0.315889906116637
0.5,0.15,-0.21119210950639,0.309049067476116
0.525,0.15,-0.259061225381103,0.301139351034336
0.55,0.15,-0.292256312865865,0.292585943169855
0.575,0.15,-0.313947652817117,0.283725872585045
0.6,0.15,-0.328033860564022,0.274789162538608
0.625,0.15,-0.33892643002088,0.265885457670178
0.65,0.15,-0.351242492147628,0.256998594720267
0.675,0.15,-0.369392171601595,0.247989513472681
0.7,0.15,-0.397082035832904,0.238612577720999
0.725,0.15,-0.436804993701049,0.228542497183735
0.75,0.15,-0.489411267553308,0.21741461957647
0.775,0.15,-0.553867599908017,0.2048721275228
0.8,0.15,-0.627283307347963,0.190616272356096
0.825,0.15,-0.705239464184673,0.174451234476362
0.85,0.15,-0.782386606660294,0.156317000711794
0.875,0.15,-0.853216029859432,0.136303755685039
0.9,0.15,-0.912858740677578,0.114646517444497
0.925,0.15,-0.957753489966533,0.0917002273806379
0.95,0.15,-0.986037815194444,0.0679000646955436
0.975,0.15,-0.99758417913281,0.0437162901195581
1,0.15,-0.993666275753665,0.0196115467957968
0,0.175,0.690436869947821,-2.9578979724241e-15
0.025,0.175,0.803659319231085,0.0174531729392345
0.05,0.175,0.911259944954881,0.0380885883422075
0.075,0.175,1.01162713819729,0.0616668265299489
0.1,0.175,1.1012550685531,0.0878860685147325
0.125,0.175,1.17526178982803,0.116340755854801
0.15,0.175,1.22823264133257,0.146497112997865
0.175,0.175,1.25521891364075,0.177692689284355
0.2,0.175,1.25268851421401,0.209161979349496
0.225,0.175,1.2192406739821,0.240081937191477
0.25,0.175,1.15595046408308,0.269632681304559
0.275,0.175,1.06629053696892,0.297060522764015
0.3,0.175,0.955664587035628,0.32173425183565
0.325,0.175,0.830666068602153,0.343185765091734
0.35,0.175,0.698219394090057,0.361129283854459
0.375,0.175,0.564770274819277,0.375459587889034
0.4,0.175,0.43566203618886,0.386229796832322
0.425,0.175,0.31477548806202,0.393617616592497
0.45,0.175,0.20444235118256,0.397884676835951
0.475,0.175,0.105580675010636,0.399337188972614
0.5,0.175,0.0179614618160962,0.398291828154195
0.525,0.175,-0.0594918829741101,0.395050035221155
0.55,0.175,-0.128446197947772,0.38987971715429
0.575,0.175,-0.190977846141266,0.383003535172572
0.6,0.175,-0.249455863022588,0.374590535688265
0.625,0.175,-0.30644100150704,0.364751249825775
0.65,0.175,-0.364543861118205,0.353534239518328
0.675,0.175,-0.42619865429336,0.340926955865072
0.7,0.175,-0.493346327046785,0.326862292525662
0.725,0.175,-0.567070850247221,0.311232754084333
0.75,0.175,-0.647266226072003,0.293913459090243
0.775,0.175,-0.732431785006069,0.274791686723671
0.8,0.175,-0.819682600048201,0.253800327396014
0.825,0.175,-0.905014948060409,0.230948193461679
0.85,0.175,-0.983814118321201,0.206343404736095
0.875,0.175,-1.05151921977679,0.180202142814839
0.9,0.175,-1.10431745533508,0.152842649800064
0.925,0.175,-1.13971758308651,0.12466315591532
0.95,0.175,-1.15686763574654,0.0961088176064263
0.975,0.175,-1.15653834659281,0.067633737620114
1,0.175,-1.14076277463634,0.0396662018861881
0,0.2,0.666559303450124,6.08031769752632e-16
0.025,0.2,0.786601383320127,0.015796999153161
0.05,0.2,0.905557036283748,0.0352134677457491
0.075,0.2,1.02160388134519,0.0581194486640014
0.1,0.2,1.13075978671993,0.0843106613720495
0.125,0.2,1.22744026325137,0.113460328236046
0.15,0.2,1.30536737195091,0.145090163863083
0.175,0.2,1.35864766170345,0.178567660020006
0.2,0.2,1.38280512038775,0.213130582690129
0.225,0.2,1.37556416863691,0.247934175058149
0.25,0.2,1.33723621214164,0.282113582242053
0.275,0.2,1.27064711717745,0.314849618432619
0.3,0.2,1.18064157812752,0.345427387009786
0.325,0.2,1.07328552161015,0.373278314917618
0.35,0.2,0.954941353930468,0.397999766171714
0.375,0.2,0.831406803534862,0.419352210834131
0.4,0.2,0.707274087019208,0.43723672294115
0.425,0.2,0.58560507380825,0.45166042178664
0.45,0.2,0.467934819823534,0.4626976259761
0.475,0.2,0.354539835947333,0.470454796777174
0.5,0.2,0.244857290743941,0.475044283815133
0.525,0.2,0.137923482662155,0.476569418668362
0.55,0.2,0.0327238819212773,0.475119824162651
0.575,0.2,-0.071605348364633,0.470773409126393
0.6,0.2,-0.175721629811584,0.463601521456339
0.625,0.2,-0.280112586437359,0.453673309515305
0.65,0.2,-0.385147473428239,0.4410581044761
0.675,0.2,-0.491066585659429,0.425825408414724
0.7,0.2,-0.597869912466388,0.408045914680842
0.725,0.2,-0.705118204325438,0.387794849433562
0.75,0.2,-0.811702658228158,0.365160856196012
0.775,0.2,-0.915676760402832,0.340260009371466
0.8,0.2,-1.01423618197687,0.313253356346846
0.825,0.2,-1.10390598498867,0.284363454512249
0.85,0.2,-1.18093525221011,0.253886286581094
0.875,0.2,-1.24183900386548,0.222192397729724
0.9,0.2,-1.28397315330395,0.18971655408073
0.925,0.2,-1.30600814784026,0.156934368743488
0.95,0.2,-1.30817198113308,0.124331090702254
0.975,0.2,-1.29219088365916,0.0923676838749654
1,0.2,-1.26091298572891,0.0614506293208953
0,0.225,0.658173671406978,1.82127911653203e-15
0.025,0.225,0.781539985836556,0.0159948636796232
0.05,0.225,0.908024954587799,0.0356519926120149
0.075,0.225,1.03564135031956,0.0589445197811923
0.1,0.225,1.16004615494335,0.0857631640835751
0.125,0.225,1.27512323814321,0.115863987724948
0.15,0.225,1.37393275916769,0.148837169903879
0.175,0.225,1.44984287551756,0.184103570288556
0.2,0.225,1.49761706808225,0.220938164887623
0.225,0.225,1.51424367307222,0.258518800377617
0.25,0.225,1.49934952242808,0.295988756246505
0.275,0.225,1.45512737112107,0.332523320333894
0.3,0.225,1.3858127185702,0.367388222725049
0.325,0.225,1.29683760248552,0.399979904729554
0.35,0.225,1.19385439331854,0.42984274302387
0.375,0.225,1.08183856502586,0.456662414724323
0.4,0.225,0.964450504219409,0.480240340501732
0.425,0.225,0.843763971360925,0.500457057892095
0.45,0.225,0.72037623532653,0.51723348997485
0.475,0.225,0.59382485950622,0.53050012532906
0.5,0.225,0.463168970727793,0.540178371653357
0.525,0.225,0.327571424552175,0.546177015348813
0.55,0.225,0.186739134028111,0.548401714855655
0.575,0.225,0.0411361011583766,0.546771945633875
0.6,0.225,-0.10803794808832,0.541240248922921
0.625,0.225,-0.259042122870147,0.531807462240015
0.65,0.225,-0.40986105891769,0.518531940127769
0.675,0.225,-0.558430980742234,0.501530881778339
0.7,0.225,-0.702750325454148,0.480977361482633
0.725,0.225,-0.840852653480109,0.457095033459143
0.75,0.225,-0.970680038872927,0.430155395409298
0.775,0.225,-1.08993966652589,0.400477694797453
0.8,0.225,-1.19603820077662,0.368432890883394
0.825,0.225,-1.28616903171292,0.334447393548901
0.85,0.225,-1.35757479429043,0.299003480817879
0.875,0.225,-1.40794858831548,0.262632731431381
0.9,0.225,-1.43588074802758,0.225899085043796
0.925,0.225,-1.44123011424331,0.189372997188756
0.95,0.225,-1.42530101334165,0.15359907812171
0.975,0.225,-1.390753072335,0.119063061216208
1,0.225,-1.34122699347802,0.0861648496979186
0,0.25,0.669834881103909,3.98206245960031e-15
0.025,0.25,0.792512470645336,0.0177293687245661
0.05,0.25,0.922069710443253,0.038849177393906
0.075,0.25,1.05644601835023,0.0634359935574195
0.1,0.25,1.19109723341622,0.0914791272102189
0.125,0.25,1.31958390750554,0.122826839645763
0.15,0.25,1.43453471045656,0.157154155693015
0.175,0.25,1.52879917933636,0.193958422907714
0.2,0.25,1.59656173145527,0.232581695811699
0.225,0.25,1.63419646953526,0.272258913301082
0.25,0.25,1.6406961788809,0.312179641968917
0.275,0.25,1.61759965293799,0.351553588513744
0.3,0.25,1.56845053232819,0.389666816575523
0.325,0.25,1.49792101017164,0.42591939848944
0.35,0.25,1.41080494206778,0.459838522120044
0.375,0.25,1.31110725175938,0.49106739425055
0.4,0.25,1.20142877801104,0.519336051159082
0.425,0.25,1.08276246802685,0.544422097366371
0.45,0.25,0.95472016423123,0.566112615351111
0.475,0.25,0.816100020824554,0.584177299053203
0.5,0.25,0.66562638379598,0.598358105612058
0.525,0.25,0.50266722949549,0.608377922596503
0.55,0.25,0.327751681615919,0.613964286011755
0.575,0.25,0.142779944263986,0.614881885004942
0.6,0.25,-0.0490918645100489,0.610966042806427
0.625,0.25,-0.243820612613425,0.602149275528914
0.65,0.25,-0.436971016718612,0.588476609972705
0.675,0.25,-0.624188610820255,0.570108095850293
0.7,0.25,-0.801534845533097,0.547311491465472
0.725,0.25,-0.965630586477323,0.520448401939244
0.75,0.25,-1.11362202442456,0.489959222570651
0.775,0.25,-1.24304645612436,0.456349997536954
0.8,0.25,-1.35170170513586,0.420183036484777
0.825,0.25,-1.43761154509992,0.382068778048506
0.85,0.25,-1.49913780708627,0.342656735798268
0.875,0.25,-1.53522827607302,0.302621831312325
0.9,0.25,-1.54572898125209,0.262643320199211
0.925,0.25,-1.53165754858796,0.223376678549451
0.95,0.25,-1.49532453782716,0.185421353033881
0.975,0.25,-1.4402303907342,0.149289096497336
1,0.25,-1.37071546354417,0.115378924809054
0,0.275,0.705029826014532,4.6169250575514e-15
0.025,0.275,0.822634697049589,0.0201724772129052
0.05,0.275,0.950365633973797,0.0433130083658084
0.075,0.275,1.08622192476491,0.0696024618382526
0.1,0.275,1.22565305523263,0.099133268847002
0.125,0.275,1.36212980894998,0.131855485334812
0.15,0.275,1.48809056316394,0.167543356270578
0.175,0.275,1.59608259699677,0.205788566938913
0.2,0.275,1.67987447278159,0.246020363433968
0.225,0.275,1.7353159129624,0.287550484597033
0.25,0.275,1.76077604162291,0.329632539770702
0.275,0.275,1.75707758493764,0.371524646222805
0.3,0.275,1.72695594458715,0.412542919972923
0.325,0.275,1.67417964507226,0.452096015916048
0.35,0.275,1.6025426682994,0.4896947084182
0.375,0.275,1.51496860848842,0.524937987191258
0.4,0.275,1.41293706657884,0.557481064954563
0.425,0.275,1.29635973245053,0.586995506108728
0.45,0.275,1.16392283016875,0.613133152799331
0.475,0.275,1.01379303782058,0.635504729191539
0.5,0.275,0.844499603917774,0.653678772832081
0.525,0.275,0.65576303516917,0.667202987511886
0.55,0.275,0.4490669545189,0.675642790624351
0.575,0.275,0.227844066495837,0.678628968499672
0.6,0.275,-0.00274837012173833,0.67590463380183
0.625,0.275,-0.236381169889395,0.66736131652408
0.65,0.275,-0.466279553336163,0.653059024634381
0.675,0.275,-0.685938705711381,0.633227514911717
0.7,0.275,-0.889675251285029,0.608251969339007
0.725,0.275,-1.07292559712597,0.578647794746862
0.75,0.275,-1.23228600403172,0.545031750577991
0.775,0.275,-1.36536765856634,0.508093826206608
0.8,0.275,-1.47057865717337,0.468574326922689
0.825,0.275,-1.54694853354216,0.427244535731862
0.85,0.275,-1.5940759865508,0.384889952132032
0.875,0.275,-1.61221267597607,0.342293037117926
0.9,0.275,-1.60244217152201,0.300211103788607
0.925,0.275,-1.56686171650681,0.259350273248714
0.95,0.275,-1.50866296098436,0.220336908087839
0.975,0.275,-1.43203659333125,0.183689352519599
1,0.275,-1.34186794560334,0.149796707949454
0,0.3,0.765454917467876,1.38420273558713e-15
0.025,0.3,0.873407348594295,0.0224642284826893
0.05,0.3,0.994191068273506,0.0474897125900886
0.075,0.3,1.12603227190124,0.0753527727117699
0.1,0.3,1.26459167776269,0.106245159855405
0.125,0.3,1.40349363179564,0.140220126681317
0.15,0.3,1.53522315913571,0.177156770438174
0.175,0.3,1.65222393148868,0.216748898455266
0.2,0.3,1.74798090205657,0.258521004827289
0.225,0.3,1.81787002887691,0.301867191458737
0.25,0.3,1.85960341180841,0.346106118346916
0.275,0.3,1.87318439885121,0.390539276545636
0.3,0.3,1.86039380102321,0.43450089080469
0.325,0.3,1.82394163328395,0.477390107021848
0.35,0.3,1.76649490618324,0.518678742879631
0.375,0.3,1.68982744311786,0.557896930814793
0.4,0.3,1.59430821634049,0.594601336029439
0.425,0.3,1.47886159131262,0.628337648067379
0.45,0.3,1.34141445177924,0.65860945599714
0.475,0.3,1.1797177433776,0.684864324088303
0.5,0.3,0.992335696029245,0.706503480276785
0.525,0.3,0.779551413642226,0.722915999059046
0.55,0.3,0.54395988078989,0.733531811775629
0.575,0.3,0.290604696133897,0.737883196572422
0.6,0.3,0.0266306597994071,0.73566304615538
0.625,0.3,-0.239454690503025,0.726767942271521
0.65,0.3,-0.498730582392978,0.711319542098156
0.675,0.3,-0.742804564412977,0.689661206159931
0.7,0.3,-0.964556167504059,0.66233340791521
0.725,0.3,-1.1585661582044,0.630033588115034
0.75,0.3,-1.32120465635133,0.593571184693901
0.775,0.3,-1.45045043533973,0.553822588140628
0.8,0.3,-1.54556557806656,0.51169398724903
0.825,0.3,-1.6067631884575,0.468092122114154
0.85,0.3,-1.63497881236336,0.423901705246489
0.875,0.3,-1.63178890702491,0.379967883482336
0.9,0.3,-1.59945937158178,0.337077887393727
0.925,0.3,-1.54104620359898,0.295941439238693
0.95,0.3,-1.460452969691,0.25716999200096
0.975,0.3,-1.36236286892552,0.221256005718293
1,0.3,-1.25200290059986,0.18855697297144
0,0.325,0.850495682542229,5.9555026018878e-18
0.025,0.325,0.944223278473163,0.0241480711762785
0.05,0.325,1.05295543316546,0.0505529537920112
0.075,0.325,1.1753346196749,0.079562824658032
0.1,0.325,1.30745944145851,0.111452030610433
0.125,0.325,1.44334622108231,0.146366530828985
0.15,0.325,1.57574710172379,0.184284654088437
0.175,0.325,1.69717326199055,0.22500015493774
0.2,0.325,1.80092312922145,0.268131837384777
0.225,0.325,1.88191027038206,0.313153992687319
0.25,0.325,1.93711857473065,0.359444930392533
0.275,0.325,1.96559637076434,0.406338821614808
0.3,0.325,1.96800347778174,0.453171480159241
0.325,0.325,1.94583408907049,0.499310606578532
0.35,0.325,1.90052118715136,0.544163500025883
0.375,0.325,1.83266467472957,0.587164725645152
0.4,0.325,1.74160016067009,0.627748388661529
0.425,0.325,1.6254425969536,0.665316360147771
0.45,0.325,1.48161823250589,0.699215084216388
0.475,0.325,1.30776575554485,0.728731753133269
0.5,0.325,1.10278829868634,0.753115162870244
0.525,0.325,0.867787196727519,0.771622807451809
0.55,0.325,0.606637383964832,0.783586597285223
0.575,0.325,0.326047150653441,0.78848542870643
0.6,0.325,0.0350758850901395,0.786011131254046
0.625,0.325,-0.255784748333993,0.776115214958749
0.65,0.325,-0.535762625411143,0.75902778708515
0.675,0.325,-0.79494454946171,0.735245920810519
0.7,0.325,-1.02517786649563,0.705495933221544
0.725,0.325,-1.22059403042971,0.670677054138025
0.75,0.325,-1.37771522949401,0.631797835498686
0.775,0.325,-1.4952112516411,0.589914488512051
0.8,0.325,-1.5734479026557,0.546080610933561
0.825,0.325,-1.61398637226558,0.501308183000587
0.85,0.325,-1.6191743733197,0.456542825045879
0.875,0.325,-1.5919011787327,0.412648358953612
0.9,0.325,-1.53552335015766,0.370395439731467
0.925,0.325,-1.45389878142807,0.330452298664265
0.95,0.325,-1.35143822679145,0.293374239935087
0.975,0.325,-1.23308413228826,0.259592984381874
1,0.325,-1.10416411921774,0.229408379788331
0,0.35,0.957008692201848,-6.50534833297744e-17
0.025,0.35,1.03216890449078,0.0253586780917812
0.05,0.35,1.12400607728085,0.0527383273363688
0.075,0.35,1.23177603649868,0.0825267548164422
0.1,0.35,1.35223696148739,0.115056293908893
0.125,0.35,1.48001944535567,0.150548053022475
0.15,0.35,1.60833777617154,0.189068172881945
0.175,0.35,1.72991102414183,0.230504257259704
0.2,0.35,1.8379176667462,0.274566875648352
0.225,0.35,1.92679041410898,0.320810119703728
0.25,0.35,1.99268902341257,0.368670991542564
0.275,0.35,2.03355594754882,0.417513482053219
0.3,0.35,2.04875844952536,0.466669081030205
0.325,0.35,2.03842711045408,0.515464842168457
0.35,0.35,2.00267812385679,0.563232223128446
0.375,0.35,1.94095307919302,0.609299534441289
0.4,0.35,1.85168452019996,0.652970261857283
0.425,0.35,1.73241743123786,0.693501221364192
0.45,0.35,1.58039993637462,0.730089388357615
0.475,0.35,1.39351971807082,0.761879885031905
0.5,0.35,1.17136441832153,0.787998386785836
0.525,0.35,0.916131049292591,0.807609723438495
0.55,0.35,0.633137205816671,0.819993212062745
0.575,0.35,0.33077625454285,0.824622339135516
0.6,0.35,0.0198923667351007,0.82123477631602
0.625,0.35,-0.287305848070392,0.809877725601544
0.65,0.35,-0.578572502840996,0.790921383012655
0.675,0.35,-0.842919440093506,0.765036840318262
0.7,0.35,-1.07163369946872,0.733143995581633
0.725,0.35,-1.25885384283701,0.696338658260141
0.75,0.35,-1.40165873732254,0.655812331381635
0.775,0.35,-1.49973806530665,0.61277595993991
0.8,0.35,-1.55479702385438,0.568397435356392
0.825,0.35,-1.5698826108954,0.523757707086362
0.85,0.35,-1.54879371812193,0.479824789132549
0.875,0.35,-1.49568268742796,0.437442356720533
0.9,0.35,-1.41486876320455,0.397328195119358
0.925,0.35,-1.3108226678579,0.360074723614799
0.95,0.35,-1.18822715421933,0.326151068279582
0.975,0.35,-1.05202450727131,0.295902277251382
1,0.35,-0.907375476896334,0.269548147722899
0,0.375,1.07944583439809,-4.22951212163679e-16
0.025,0.375,1.13215408230715,0.0266791417330102
0.05,0.375,1.20274516089701,0.0550798537156156
0.075,0.375,1.29127857094813,0.0856030621241374
0.1,0.375,1.39537571044847,0.118619358532438
0.125,0.375,1.51047936496618,0.15441150733743
0.15,0.375,1.63043275319009,0.193126421125902
0.175,0.375,1.74827787184098,0.234744978509605
0.2,0.375,1.85711787426282,0.279073579491077
0.225,0.375,1.95087432306696,0.32575458407429
0.25,0.375,2.02478364718312,0.374294259617655
0.275,0.375,2.07553688790892,0.424097590736969
0.3,0.375,2.10105250366035,0.474502554401235
0.325,0.375,2.0999707494479,0.524805092120984
0.35,0.375,2.07103582886517,0.574270361805516
0.375,0.375,2.01257793696662,0.622130159946152
0.4,0.375,1.92228869973649,0.667571088125153
0.425,0.375,1.79741394297887,0.709723416001202
0.45,0.375,1.63537143669341,0.74766076805103
0.475,0.375,1.43467591084324,0.780419954582553
0.5,0.375,1.19595034417739,0.807044954397821
0.525,0.375,0.922753848026715,0.826653983033936
0.55,0.375,0.621983622411297,0.83852151343235
0.575,0.375,0.30369814797505,0.842160672749085
0.6,0.375,-0.0196546106409028,0.837391874289367
0.625,0.375,-0.334474370092873,0.824384009842975
0.65,0.375,-0.627473829531843,0.803658924067091
0.675,0.375,-0.887084341745327,0.776057884461343
0.7,0.375,-1.10453826059537,0.742675970535297
0.725,0.375,-1.27445334329757,0.70477471779595
0.75,0.375,-1.39486800835027,0.663688847039463
0.775,0.375,-1.46680000024408,0.620738467739918
0.8,0.375,-1.49349696291898,0.577160160290527
0.825,0.375,-1.47958693122164,0.534059466637709
0.85,0.375,-1.43031580754963,0.492387225319843
0.875,0.375,-1.35100583299702,0.452934072160597
0.9,0.375,-1.24677460890007,0.416337248718383
0.925,0.375,-1.12248433434453,0.383092483858084
0.95,0.375,-0.982832373047679,0.353565986585579
0.975,0.375,-0.83248049015795,0.328002916183435
1,0.375,-0.676137080223437,0.306532183184538
0,0.4,1.21030480238308,3.45341611964979e-16
0.025,0.4,1.23734730406804,0.028749298590342
0.05,0.4,1.28303336300585,0.0587030957041388
0.075,0.4,1.34839481744303,0.0902683138715048
0.1,0.4,1.43209293825082,0.123850526107819
0.125,0.4,1.53055018631138,0.15979521214469
0.15,0.4,1.63838123136163,0.198335951954265
0.175,0.4,1.74904853090159,0.239557726004618
0.2,0.4,1.85562085083503,0.28337796516338
0.225,0.4,1.95148662139735,0.329546270903621
0.25,0.4,2.03088099975024,0.377659321630052
0.275,0.4,2.08912844247495,0.4271857039385
0.3,0.4,2.12257688408055,0.477492565867735
0.325,0.4,2.12828365677132,0.527867867092477
0.35,0.4,2.10359455027125,0.577533320700879
0.375,0.4,2.04579419156148,0.625648786850571
0.4,0.4,1.95200420863948,0.671310516895981
0.425,0.4,1.81943691155159,0.713553333428764
0.45,0.4,1.64601139072641,0.751363058207666
0.475,0.4,1.43122014144774,0.783708982158341
0.5,0.4,1.17703548800066,0.809597538674203
0.525,0.4,0.888602541885155,0.82814613439215
0.55,0.4,0.574488669969686,0.838667549134754
0.575,0.4,0.246350402474263,0.840750843391809
0.6,0.4,-0.0819857323438925,0.83432550113313
0.625,0.4,-0.395889368567612,0.819693918275427
0.65,0.4,-0.681491013471308,0.797525841782401
0.675,0.4,-0.927148857799063,0.768812978947975
0.7,0.4,-1.12454417355395,0.73479115854174
0.725,0.4,-1.26922892983082,0.696842076126974
0.75,0.4,-1.36057093003286,0.656390442059015
0.775,0.4,-1.40118146911926,0.614810182167371
0.8,0.4,-1.39600341805606,0.573352221668418
0.825,0.4,-1.35128769772318,0.533098035510479
0.85,0.4,-1.27367256428461,0.494940202600061
0.875,0.4,-1.16951283804488,0.459584272146058
0.9,0.4,-1.0445227640837,0.427564300051217
0.925,0.4,-0.903708842079775,0.399264622118344
0.95,0.4,-0.751504654469013,0.374940608223499
0.975,0.4,-0.591998480557469,0.354735179456317
1,0.4,-0.429151438750919,0.338688414124499
0,0.425,1.34083601336852,-7.55948703794642e-16
0.025,0.425,1.33984677160155,0.0318345864356619
0.05,0.425,1.35781288260738,0.0640560257608441
0.075,0.425,1.39687403423371,0.0970922538944092
0.1,0.425,1.45687322217021,0.131399147465143
0.125,0.425,1.53535136811589,0.167401694872724
0.15,0.425,1.6278165897247,0.205439071372032
0.175,0.425,1.72824606018058,0.245721421523625
0.2,0.425,1.82972846292632,0.28830030864487
0.225,0.425,1.92512836467551,0.333056482885033
0.25,0.425,2.00764733216716,0.379701830435913
0.275,0.425,2.07118150888923,0.427793086425752
0.3,0.425,2.11043843932184,0.476750845657546
0.325,0.425,2.12084550709633,0.525878748216856
0.35,0.425,2.09835064995585,0.574379286111076
0.375,0.425,2.03926661960981,0.62136501447033
0.4,0.425,1.9402988830451,0.665869053785133
0.425,0.425,1.79885333964666,0.706860165957534
0.45,0.425,1.61362494265158,0.743269255215453
0.475,0.425,1.38536462368703,0.77403384551977
0.5,0.425,1.11763381979523,0.798160203484251
0.525,0.425,0.817314690724479,0.814801631069266
0.55,0.425,0.494670799250888,0.823342358570655
0.575,0.425,0.162839174029382,0.823474126168609
0.6,0.425,-0.163233816318706,0.815251862401876
0.625,0.425,-0.468264756422315,0.799116097623632
0.65,0.425,-0.738257770042833,0.775875154938299
0.675,0.425,-0.961982996715288,0.746648185541831
0.7,0.425,-1.13203765960438,0.712776851334846
0.725,0.425,-1.24531211839253,0.675718049406608
0.75,0.425,-1.30281562870078,0.636935584171896
0.775,0.425,-1.30895474986505,0.597803180368369
0.8,0.425,-1.27045541310224,0.559533608118129
0.825,0.425,-1.19517571468787,0.52313573369877
0.85,0.425,-1.09103793837343,0.489401844990244
0.875,0.425,-0.965249862341288,0.458918652460325
0.9,0.425,-0.823889495369822,0.432092435063119
0.925,0.425,-0.67183826383963,0.409180665294739
0.95,0.425,-0.512975799439488,0.390322219092037
0.975,0.425,-0.350519237769434,0.375559908155307
1,0.425,-0.187387398623158,0.364855419921763
0,0.45,1.46190302704498,5.25958757024243e-16
0.025,0.45,1.4314866383682,0.0355893694483137
0.05,0.45,1.41985716800259,0.0704961203552796
0.075,0.45,1.43035452774934,0.105194120880452
0.1,0.45,1.46410793472564,0.14021257386581
0.125,0.45,1.51988782581258,0.176078047694132
0.15,0.45,1.5942070740703,0.213257438241372
0.175,0.45,1.68166001747436,0.252107735875893
0.2,0.45,1.77544013120164,0.292835615556928
0.225,0.45,1.86794837640985,0.3354729107311
0.25,0.45,1.95138443646044,0.379865152644135
0.275,0.45,2.01822544907433,0.42567404394022
0.3,0.45,2.06153671108613,0.472389097967022
0.325,0.45,2.07511738093173,0.519344272918938
0.35,0.45,2.05354618398695,0.565736949424391
0.375,0.45,1.99223197752933,0.610647355983827
0.4,0.45,1.88758075893376,0.653061787451288
0.425,0.45,1.73735089460997,0.69190147031382
0.45,0.45,1.54119675422666,0.726063325029981
0.475,0.45,1.30130486438925,0.754475929546801
0.5,0.45,1.02295983290843,0.776169631763778
0.525,0.45,0.714836327691789,0.790357358570985
0.55,0.45,0.388843789779507,0.796516370684162
0.575,0.45,0.0594314491682313,0.794458204440745
0.6,0.45,-0.257615588439259,0.784373935047507
0.625,0.45,-0.546730869005387,0.766844437570893
0.65,0.45,-0.794214830062691,0.742809907287855
0.675,0.45,-0.989681898761598,0.713500736187227
0.7,0.45,-1.12704221125944,0.680339049309924
0.725,0.45,-1.20485068814364,0.644824388519852
0.75,0.45,-1.22598892766614,0.608420577698071
0.775,0.45,-1.19678183682019,0.572459016990039
0.8,0.45,-1.12575561064727,0.538070208523337
0.825,0.45,-1.02229693512497,0.506147274366826
0.85,0.45,-0.895456717871681,0.477342348636378
0.875,0.45,-0.753080976721015,0.452088197297271
0.9,0.45,-0.601356398177352,0.430635458498372
0.925,0.45,-0.444760216008094,0.413095728581375
0.95,0.45,-0.286327736563584,0.399481794341856
0.975,0.45,-0.1281129043603,0.389738606088821
1,0.45,0.0282909411278483,0.383762277872981
0,0.475,1.56488670460876,-8.83868897907236e-16
0.025,0.475,1.50467798563979,0.0391518031024107
0.05,0.475,1.46255210472902,0.0764723902753129
0.075,0.475,1.44309547827576,0.112495104601146
0.1,0.475,1.44879013476209,0.147833956534522
0.125,0.475,1.47972340731281,0.18312764612138
0.15,0.475,1.53352056061167,0.218980676686866
0.175,0.475,1.60551392814084,0.255905633441808
0.2,0.475,1.68912863215956,0.294272766878246
0.225,0.475,1.77642417475434,0.334271711904231
0.25,0.475,1.85870763020633,0.375887367989182
0.275,0.475,1.92712702429401,0.418891017446871
0.3,0.475,1.97317533491873,0.462844358012553
0.325,0.475,1.98908068573682,0.507114505167359
0.35,0.475,1.96810277392777,0.550896356579595
0.375,0.475,1.90480106752841,0.593241337624018
0.4,0.475,1.79534540104008,0.633093296084731
0.425,0.475,1.63791895975866,0.669332260234553
0.45,0.475,1.43320533473249,0.700829259686134
0.475,0.475,1.18487762531544,0.726513979159168
0.5,0.475,0.899953357568095,0.745452192714113
0.525,0.475,0.588846596761407,0.756928304670692
0.55,0.475,0.264981027804663,0.760523858530961
0.575,0.475,-0.0560966197475275,0.756179596107038
0.6,0.475,-0.358052147320148,0.74422895313982
0.625,0.475,-0.625378894603948,0.725395288288169
0.65,0.475,-0.845038057080139,0.700747395860232
0.675,0.475,-1.00783861313441,0.671618067891963
0.7,0.475,-1.10930547059176,0.639495212977987
0.725,0.475,-1.14988414435928,0.605900521541642
0.75,0.475,-1.13446121609622,0.572272820767742
0.775,0.475,-1.07131478205706,0.539871766801462
0.8,0.475,-0.970714875006489,0.509713215078698
0.825,0.475,-0.843442480062215,0.482540579772096
0.85,0.475,-0.699481944263391,0.458832415177016
0.875,0.475,-0.547081984322459,0.438835939548449
0.9,0.475,-0.392277423507333,0.422619159197763
0.925,0.475,-0.238868675228944,0.410127671979586
0.95,0.475,-0.0887721717706962,0.401237209627222
0.975,0.475,0.057390389394866,0.395793686123624
1,0.475,0.199609265825942,0.393637988406234
0,0.5,1.64253198501964,-4.46084162569803e-17
0.025,0.5,1.55318867320005,0.0415338405162393
0.05,0.5,1.48062474753636,0.0802293064157866
0.075,0.5,1.4306712803657,0.116663216208787
0.1,0.5,1.40719376916289,0.151518504389732
0.125,0.5,1.41166571902005,0.185530989379585
0.15,0.5,1.44293192585307,0.219428727985982
0.175,0.5,1.49720736414998,0.253867364597884
0.2,0.5,1.56832062393754,0.289369964594001
0.225,0.5,1.64817710993098,0.32627511193633
0.25,0.5,1.72737773012853,0.3647001584035
0.275,0.5,1.79591189284553,0.404520774988634
0.3,0.5,1.84384307295505,0.445367308628726
0.325,0.5,1.86193478824445,0.486637597220789
0.35,0.5,1.84219798759485,0.527522667980624
0.375,0.5,1.77837725524815,0.567044788239762
0.4,0.5,1.66641042359309,0.604105720724853
0.425,0.5,1.5048815537054,0.637545674665006
0.45,0.5,1.29545178814692,0.666212118021087
0.475,0.5,1.04319866442179,0.68903925235498
0.5,0.5,0.756752892734923,0.705131888447699
0.525,0.5,0.448104873206509,0.713850252560125
0.55,0.5,0.131983299372212,0.714884007699915
0.575,0.5,-0.175220358964898,0.708305364699364
0.6,0.5,-0.456906751539835,0.694591009132311
0.625,0.5,-0.697925774072169,0.674604388007915
0.65,0.5,-0.886185321482372,0.649537503548466
0.675,0.5,-1.01393653363336,0.620816727142736
0.7,0.5,-1.07850609600029,0.589983318247749
0.725,0.5,-1.08234000472517,0.558565073325697
0.75,0.5,-1.03235506065513,0.527957302403542
0.775,0.5,-0.938726705672439,0.499326471776786
0.8,0.5,-0.813341765212331,0.473551127242445
0.825,0.5,-0.668193579859696,0.451201907196043
0.85,0.5,-0.513982299060488,0.432560323641687
0.875,0.5,-0.359120898106365,0.417667054008078
0.9,0.5,-0.209247032783519,0.406389286158548
0.925,0.5,-0.0672406588164691,0.398492665043466
0.95,0.5,0.0663376323627587,0.393707776614453
0.975,0.5,0.192525850142616,0.391780635104854
1,0.5,0.313114129740876,0.392503266587768
0,0.525,1.68965848907148,7.438701965696e-16
0.025,0.525,1.57279593562592,0.0421078474819104
0.05,0.525,1.47075412463193,0.0806727927052159
0.075,0.525,1.39056347260153,0.116266606463786
0.1,0.525,1.33747249848686,0.149595736019735
0.125,0.525,1.31439230807706,0.181451170199718
0.15,0.525,1.32149626496062,0.212646652524298
0.175,0.525,1.35604636552897,0.243948292089262
0.2,0.525,1.41248673775413,0.276005340078489
0.225,0.525,1.48281217179491,0.309285837176214
0.25,0.525,1.55717167785156,0.344026897672244
0.275,0.525,1.62463673748093,0.380202375163191
0.3,0.525,1.67404648367193,0.417510544432893
0.325,0.525,1.69485086861476,0.455383351869949
0.35,0.525,1.67789598698701,0.493013907058356
0.375,0.525,1.61612661355117,0.529402519442738
0.4,0.525,1.50519430376388,0.563416569011771
0.425,0.525,1.34396914142434,0.593863142013636
0.45,0.525,1.1349233588169,0.619572141831276
0.475,0.525,0.884330740524647,0.639486453081053
0.5,0.525,0.602195422225728,0.652752593134608
0.525,0.525,0.301821505319824,0.658806619189588
0.55,0.525,-0.00103316549738624,0.65744377696044
0.575,0.525,-0.289409233219017,0.648862612444657
0.6,0.525,-0.546707253234317,0.633673637204329
0.625,0.525,-0.75837089868284,0.612868083105407
0.65,0.525,-0.913446052969446,0.587745007412959
0.675,0.525,-1.0057581343974,0.559805329697397
0.7,0.525,-1.03449686315409,0.530622642429162
0.725,0.525,-1.00409518513778,0.501709526198452
0.75,0.525,-0.923415730822508,0.474396020339721
0.775,0.525,-0.804386565373129,0.449736198969681
0.8,0.525,-0.66032244927066,0.428454432534151
0.825,0.525,-0.504214472229461,0.410934918492219
0.85,0.525,-0.347255346759716,0.397252362046464
0.875,0.525,-0.197803399611803,0.387234621041156
0.9,0.525,-0.0608929764903361,0.380544524242542
0.925,0.525,0.0617066241222421,0.376767400492875
0.95,0.525,0.170966297671905,0.375490018515712
0.975,0.525,0.269748243013596,0.376361459698181
1,0.525,0.361797531059161,0.379129282643467
0,0.55,1.70368194245853,3.15038857384146e-16
0.025,0.55,1.56176083618346,0.0409289840143067
0.05,0.55,1.43201945704085,0.0779339354219734
0.075,0.55,1.32260523725415,0.111516527182949
0.1,0.55,1.24012159128047,0.142346487230331
0.125,0.55,1.18895259708038,0.171215077371552
0.15,0.55,1.17070586534945,0.198973045928962
0.175,0.55,1.18386528246653,0.226456467642801
0.2,0.55,1.22372742937417,0.254410179983518
0.225,0.55,1.28265784400596,0.283411845218307
0.25,0.55,1.35065532729545,0.313809815820071
0.275,0.55,1.4161655661608,0.345678052964089
0.3,0.55,1.46705506151558,0.378793505014735
0.325,0.55,1.49164402923633,0.412639512470429
0.35,0.55,1.47971066013155,0.446432814397681
0.375,0.55,1.42339639651111,0.479174599960016
0.4,0.55,1.31796596715461,0.509719469723797
0.425,0.55,1.16238528889963,0.536860516102127
0.45,0.55,0.959676256447008,0.559424613788552
0.475,0.55,0.716996770183303,0.576372506838844
0.5,0.55,0.445385947397587,0.586895924227206
0.525,0.55,0.159119390299664,0.590503647480108
0.55,0.55,-0.125339452271923,0.587087142474039
0.575,0.55,-0.390750493175829,0.576954615391082
0.6,0.55,-0.6207475050013,0.560828386928059
0.625,0.55,-0.801534577043547,0.539799067404574
0.65,0.55,-0.923386638367912,0.515241037782362
0.675,0.55,-0.98171474124592,0.488695159374033
0.7,0.55,-0.977505147008019,0.461732863981607
0.725,0.55,-0.917042191269944,0.435818967753101
0.75,0.55,-0.810944328087352,0.412190818520865
0.775,0.55,-0.672667327459939,0.391768898865313
0.8,0.55,-0.516715371208443,0.375110456511826
0.825,0.55,-0.356845497510487,0.362408275737818
0.85,0.55,-0.204533165101275,0.353533181937823
0.875,0.55,-0.0679049365076294,0.348109013677351
0.9,0.55,0.0487515577606158,0.345607254795897
0.925,0.55,0.144891010904011,0.345446824186405
0.95,0.55,0.223107422321142,0.347084225809793
0.975,0.55,0.288166998609585,0.350081731847174
1,0.55,0.345847853910401,0.354148994763287
0,0.575,1.68491168124071,3.5652721686157e-16
0.025,0.575,1.52109505929116,0.0387091735354296
0.05,0.575,1.36615128261417,0.0733088211055262
0.075,0.575,1.22923472983655,0.104176650916708
0.1,0.575,1.11825265892102,0.131895387869948
0.125,0.575,1.03907973986196,0.157210841700593
0.15,0.575,0.994850098674625,0.180971123185817
0.175,0.575,0.985439354254563,0.204051257742971
0.2,0.575,1.00723583509928,0.227270284701719
0.225,0.575,1.05326933809759,0.251306257438768
0.25,0.575,1.11370996862157,0.276621398202339
0.275,0.575,1.17669588199873,0.303403977759637
0.3,0.575,1.22939898586849,0.33153404574339
0.325,0.575,1.25921550430814,0.360578119285408
0.35,0.575,1.25496038055972,0.389812914482479
0.375,0.575,1.20796096875555,0.418277295940283
0.4,0.575,1.11296457299806,0.444848031788483
0.425,0.575,0.968793311864353,0.468333425465761
0.45,0.575,0.778691818966619,0.487578930389608
0.475,0.575,0.550318953110949,0.501575475906143
0.5,0.575,0.295342209488896,0.50956162972138
0.525,0.575,0.0286149218843391,0.511110333193222
0.55,0.575,-0.233044344356622,0.506189524845414
0.575,0.575,-0.472395325724413,0.495188661738683
0.6,0.575,-0.673497321002671,0.478904571479167
0.625,0.575,-0.823407550820825,0.458484699965447
0.65,0.575,-0.913621348269362,0.435331964453941
0.675,0.575,-0.941030334937957,0.410980251558956
0.7,0.575,-0.908230477579741,0.386954472458826
0.725,0.575,-0.823109119896443,0.36463335572265
0.75,0.575,-0.697756202469636,0.345131559445174
0.775,0.575,-0.546862831636342,0.329216673373864
0.8,0.575,-0.385848974222976,0.317270684582197
0.825,0.575,-0.229003983832351,0.309298440489048
0.85,0.575,-0.0879077925495447,0.304979654715209
0.875,0.575,0.0296631270957836,0.303753967172398
0.9,0.575,0.120229545416608,0.304925764425073
0.925,0.575,0.184487216290565,0.307772144117735
0.95,0.575,0.226643040700636,0.311641006434693
0.975,0.575,0.25334704422087,0.316025071928669
1,0.575,0.27239693604493,0.320606937102728
0,0.6,1.63660311912229,-7.21313331706773e-16
0.025,0.6,1.45459514667196,0.0364414626646098
0.05,0.6,1.27755751835151,0.0685816724492306
0.075,0.6,1.11552435956705,0.0966554492845192
0.1,0.6,0.977635868020022,0.121139254280381
0.125,0.6,0.871251868352171,0.142715188143728
0.15,0.6,0.80110126870647,0.162213622338049
0.175,0.6,0.768595395979161,0.180538421148047
0.2,0.6,0.771430667342554,0.198579431648063
0.225,0.6,0.803575688760227,0.21712010034529
0.25,0.6,0.855683682592068,0.236750502406894
0.275,0.6,0.915900189899516,0.257796554208214
0.3,0.6,0.970986835941938,0.280272893609633
0.325,0.6,1.00762985349731,0.303867157093281
0.35,0.6,1.0137947198439,0.327957520071388
0.375,0.6,0.979986356482546,0.351662358516433
0.4,0.6,0.900296901927856,0.37391857688793
0.425,0.6,0.773146961454634,0.393580959009866
0.45,0.6,0.601648924141964,0.409534519957358
0.475,0.6,0.393545213002068,0.420808990734098
0.5,0.6,0.160694249008461,0.426685509995224
0.525,0.6,-0.0818883897308892,0.426782970879416
0.55,0.6,-0.317383218623728,0.421115995226427
0.575,0.6,-0.528809997223327,0.410114928232179
0.6,0.6,-0.700799535512284,0.394603292816245
0.625,0.6,-0.821283734008526,0.375733603707599
0.65,0.6,-0.882878049132001,0.354885206154331
0.675,0.6,-0.883747317299543,0.333535946104823
0.7,0.6,-0.827805903049567,0.313121578383354
0.725,0.6,-0.724199784056681,0.294901274801307
0.75,0.6,-0.586129571339286,0.279844746056963
0.775,0.6,-0.429177987794987,0.268556309370333
0.8,0.6,-0.269386171824151,0.261243990289979
0.825,0.6,-0.12135499228368,0.257736166922007
0.85,0.6,0.00336620406344332,0.257541176568755
0.875,0.6,0.0973984611940913,0.259939770222928
0.9,0.6,0.158040892045889,0.264096081524123
0.925,0.6,0.187141989014253,0.269171991433783
0.95,0.6,0.190399912385118,0.274430424721254
0.975,0.6,0.176220512040318,0.27931385564568
1,0.6,0.154309579014645,0.283491967791181
0,0.625,1.56474784560922,-4.76232401232674e-17
0.025,0.625,1.36862634705399,0.0348685020565917
0.05,0.625,1.17310160925223,0.0650820251918838
0.075,0.625,0.988953247907501,0.0907541919171396
0.1,0.625,0.82646625797428,0.11227129286265
0.125,0.625,0.694453000593347,0.130264109737348
0.15,0.625,0.599266969300338,0.145555934702723
0.175,0.625,0.543952817954179,0.159089849926469
0.2,0.625,0.527681106919272,0.171837823482718
0.225,0.625,0.545587151636872,0.184702557597183
0.25,0.625,0.589076957341851,0.19841961230087
0.275,0.625,0.646591171351779,0.213474615531782
0.3,0.625,0.704749610165277,0.230043781148871
0.325,0.625,0.749742015517272,0.247967157239682
0.35,0.625,0.768807699752426,0.266757788241857
0.375,0.625,0.751636420249387,0.285646744443213
0.4,0.625,0.691544816215369,0.303660660184215
0.425,0.625,0.586308464495607,0.319723290201343
0.45,0.625,0.438562782816024,0.33277115186297
0.475,0.625,0.255722468871723,0.341872706989948
0.5,0.625,0.0494036936379713,0.34633745802798
0.525,0.625,-0.16562266540259,0.34580358565592
0.55,0.625,-0.372872348977646,0.340294086081994
0.575,0.625,-0.555855511534571,0.330233830510603
0.6,0.625,-0.699873033434408,0.316422734886614
0.625,0.625,-0.793690994046699,0.299967701580666
0.65,0.625,-0.830870578145322,0.282177938147239
0.675,0.625,-0.810560867743513,0.264436409172432
0.7,0.625,-0.737622519148662,0.248061056637873
0.725,0.625,-0.622045093337367,0.234174254477319
0.75,0.625,-0.477722588738408,0.223595553015998
0.775,0.625,-0.320753581885088,0.216771271434486
0.8,0.625,-0.167499959966673,0.213750144880269
0.825,0.625,-0.032674800703137,0.214204710918857
0.85,0.625,0.0722889721028274,0.217496337741317
0.875,0.625,0.140384921985559,0.222771739403531
0.9,0.625,0.169568565946555,0.229079009676721
0.925,0.625,0.162649876691512,0.235486191703724
0.95,0.625,0.126588398688931,0.241189478830308
0.975,0.625,0.0713120310683809,0.245596150658752
1,0.625,0.00822860884240632,0.248376277394232
0,0.65,1.47759395996768,2.78766127661268e-17
0.025,0.65,1.27164197255158,0.0340885639807639
0.05,0.65,1.06161453144657,0.0629973825673088
0.075,0.65,0.858903197671099,0.0867639233562748
0.1,0.65,0.674835187854944,0.105719849441275
0.125,0.65,0.519608880454232,0.120472584319206
0.15,0.65,0.401181359463337,0.131860348564211
0.175,0.65,0.324264247605554,0.140882060632667
0.2,0.65,0.289596179776206,0.148604766529208
0.225,0.65,0.293632963072491,0.156060114822327
0.25,0.65,0.328739180713711,0.164137957713598
0.275,0.65,0.383887309936143,0.173492912041214
0.3,0.65,0.445793321114488,0.184473829032054
0.325,0.65,0.500355899851125,0.197086409866509
0.35,0.65,0.534223273126181,0.210993582815474
0.375,0.65,0.536306263343849,0.225554421250451
0.4,0.65,0.499065843419326,0.239898289894778
0.425,0.65,0.419433943126882,0.25302548559933
0.45,0.65,0.299268981243996,0.263923949134311
0.475,0.65,0.145288184817554,0.271690609392032
0.5,0.65,-0.0315298348821038,0.27564212604815
0.525,0.65,-0.217031712205943,0.275404676945905
0.55,0.65,-0.395371051817633,0.27097071459825
0.575,0.65,-0.550740904317926,0.262715874894711
0.6,0.65,-0.669170449946255,0.251372728832695
0.625,0.65,-0.740172080547818,0.237962551666654
0.65,0.65,-0.7580261631622,0.223692692959861
0.675,0.65,-0.722523742503555,0.209830006889337
0.7,0.65,-0.639049747929342,0.197565782125985
0.725,0.65,-0.517978885530149,0.187889291673917
0.75,0.65,-0.373452250098415,0.181484349678156
0.775,0.65,-0.221694726258877,0.17866251075651
0.8,0.65,-0.0790954555643247,0.17934102459081
0.825,0.65,0.0396925995187315,0.183066551292499
0.85,0.65,0.123392353185537,0.189081885692475
0.875,0.65,0.165279419561965,0.196424032298905
0.9,0.65,0.163766286488516,0.204044379449922
0.925,0.65,0.122344426637869,0.21093114979713
0.95,0.65,0.0489132068461162,0.216223588107697
0.975,0.65,-0.0454010006968236,0.219300650769721
1,0.65,-0.147778006083012,0.219838247817821
0,0.675,1.38490347641065,-8.73607174000497e-16
0.025,0.675,1.17344583742563,0.0335343713284438
0.05,0.675,0.95314740444537,0.0613521333567758
0.075,0.675,0.735886296003261,0.0834515361896838
0.1,0.675,0.533913913935538,0.10013656815808
0.125,0.675,0.358710959680901,0.112009626324887
0.15,0.675,0.219757396231468,0.119934499649099
0.175,0.675,0.123387894659489,0.124969267532752
0.2,0.675,0.0719149955488986,0.128273381026898
0.225,0.675,0.0631798595147955,0.130999827352763
0.25,0.675,0.0906296181509975,0.134182213026833
0.275,0.675,0.143940453256182,0.138632804749606
0.3,0.675,0.210123636741611,0.14486249450553
0.325,0.675,0.274978354475997,0.153034290012439
0.35,0.675,0.324713025149639,0.162955254211012
0.375,0.675,0.347535999889283,0.174108555305378
0.4,0.675,0.335030322016386,0.185722844257635
0.425,0.675,0.283155453007344,0.196869775619214
0.45,0.675,0.192765167149261,0.206579647181066
0.475,0.675,0.069579306945465,0.213962955890843
0.5,0.675,-0.0763938145808697,0.218322695157298
0.525,0.675,-0.231937357847186,0.21924602229119
0.55,0.675,-0.382100287869663,0.216663544077739
0.575,0.675,-0.511914575795994,0.210869611751293
0.6,0.675,-0.60816346165195,0.202499214936537
0.625,0.675,-0.660990169426643,0.192464217713116
0.65,0.675,-0.665143428197405,0.181854677311378
0.675,0.675,-0.620692980517214,0.171817421428779
0.7,0.675,-0.533109046893458,0.163425115005299
0.725,0.675,-0.412682459790115,0.157553077991213
0.75,0.675,-0.273352444398415,0.154778132215534
0.775,0.675,-0.131087503969755,0.155312116305025
0.8,0.675,-0.00202701460873793,0.158978909703075
0.825,0.675,0.0993812732938829,0.16523617287224
0.85,0.675,0.162017280397919,0.17324055039388
0.875,0.675,0.179302429925392,0.18194628844813
0.9,0.675,0.149851603153213,0.1902261092029
0.925,0.675,0.0774980416177717,0.196998995950002
0.95,0.675,-0.0293040790010227,0.201350341300862
0.975,0.675,-0.158617654365465,0.202628781613612
1,0.675,-0.296559931595786,0.200510340993349
0,0.7,1.29698342936981,4.2911048636099e-16
0.025,0.7,1.0842333868045,0.0323639860412211
0.05,0.7,0.85800495110688,0.0587116970445942
0.075,0.7,0.630547839372388,0.0790030915092063
0.1,0.7,0.414905585994896,0.0935090776413365
0.125,0.7,0.223696696674677,0.102815249577582
0.15,0.7,0.0677794968939753,0.107793043778175
0.175,0.7,-0.0450151993280707,0.109535801407294
0.2,0.7,-0.11088888029859,0.109267338156841
0.225,0.7,-0.130646300851021,0.108230441515986
0.25,0.7,-0.109721219311338,0.107569971661924
0.275,0.7,-0.0576304365781583,0.108224149746386
0.3,0.7,0.0130873836598132,0.110836773146512
0.325,0.7,0.08831190789795,0.115703151157793
0.35,0.7,0.153981436905461,0.122753932020672
0.375,0.7,0.197725652227688,0.131580815092215
0.4,0.7,0.210297926541516,0.141499448816296
0.425,0.7,0.186641025722882,0.151642841329819
0.45,0.7,0.126466963063021,0.161074286467679
0.475,0.7,0.0342866969990624,0.168907592022616
0.5,0.7,-0.0811163474265734,0.174419510942366
0.525,0.7,-0.207715251082372,0.17714361346793
0.55,0.7,-0.331662673144077,0.176932786499318
0.575,0.7,-0.438952236535445,0.17398365907363
0.6,0.7,-0.517128585546355,0.16881971327439
0.625,0.7,-0.556844300904449,0.162233438821418
0.65,0.7,-0.55307003624983,0.155194584723181
0.675,0.7,-0.505803226601037,0.148735150297717
0.7,0.7,-0.420178347304351,0.143823405348468
0.725,0.7,-0.305956191132703,0.141244442369801
0.75,0.7,-0.176448997724683,0.141499579455567
0.775,0.7,-0.0470116632486709,0.144738215439314
0.8,0.7,0.0667186077035406,0.15073113739027
0.825,0.7,0.1506202148268,0.15888775280926
0.85,0.7,0.193709620892568,0.168315961686578
0.875,0.7,0.189395852672183,0.177918339588341
0.9,0.7,0.136220064326406,0.186512230173667
0.925,0.7,0.0379941641638387,0.192960425246547
0.95,0.7,-0.0966830346261809,0.196297379691503
0.975,0.7,-0.255479530421251,0.195833860969714
1,0.7,-0.423831395541211,0.191229288536003
0,0.725,1.22357081748026,-6.54146173305896e-16
0.025,0.725,1.01349328588424,0.0300682104137493
0.05,0.725,0.785644537157598,0.0542551397443446
0.075,0.725,0.552540966488384,0.0724410166068856
0.1,0.725,0.327871238772498,0.0848214531942398
0.125,0.725,0.125206448722173,0.0919212346708328
0.15,0.725,-0.0434241909250234,0.0945726008696884
0.175,0.725,-0.168900690756139,0.093855305419887
0.2,0.725,-0.246116883167984,0.0910073695988206
0.225,0.725,-0.27464536943888,0.0873118749031664
0.25,0.725,-0.258847021383621,0.083977630554298
0.275,0.725,-0.207393020477799,0.0820254557403464
0.3,0.725,-0.132257501233587,0.0821944398598106
0.325,0.725,-0.0473100238127756,0.0848809308480508
0.35,0.725,0.0333083831768827,0.0901153784356048
0.375,0.725,0.0968228249161411,0.0975809134954888
0.4,0.725,0.133279564637777,0.106669904407547
0.425,0.725,0.136650493839715,0.116571887878732
0.45,0.725,0.105466517030183,0.12638180813875
0.475,0.725,0.0429128473137857,0.135217782913059
0.5,0.725,-0.0436207757944084,0.142332128029706
0.525,0.725,-0.143482587954278,0.147205905219034
0.55,0.725,-0.244089350298209,0.149613744034064
0.575,0.725,-0.332492621228715,0.149653447148806
0.6,0.725,-0.397001964938398,0.147734510556489
0.625,0.725,-0.428673312550463,0.144528370778804
0.65,0.725,-0.422484677939404,0.140885103268118
0.675,0.725,-0.378054408140387,0.137726015107422
0.7,0.725,-0.299811569887652,0.135924927835225
0.725,0.725,-0.196593076733877,0.136192920469471
0.75,0.725,-0.0807092947587146,0.138979111959005
0.775,0.725,0.0334141592376706,0.144400807271241
0.8,0.725,0.130863695872529,0.152211705316016
0.825,0.725,0.197947964958524,0.161811875308628
0.85,0.725,0.223795052941617,0.17230071679008
0.875,0.725,0.201650811986083,0.182565779476423
0.9,0.725,0.129721987912885,0.191399575252738
0.925,0.725,0.0114551631561218,0.197629456647803
0.95,0.725,-0.144799420280783,0.200246859313254
0.975,0.725,-0.326719448801846,0.198518182759256
1,0.725,-0.519438457897371,0.192065718164171
0,0.75,1.17269276548173,1.45300163457306e-16
0.025,0.75,0.968896260269824,0.0269518846179458
0.05,0.75,0.743574939502461,0.0486068007658614
0.075,0.75,0.50941440038793,0.0647020486660069
0.1,0.75,0.280584013462644,0.0752994301324095
0.125,0.75,0.0713848433174491,0.0808063342382945
0.15,0.75,-0.105247121422752,0.0819597365739656
0.175,0.75,-0.239179274808095,0.0797703401481379
0.2,0.75,-0.324252681527154,0.0754358648048706
0.225,0.75,-0.359006350667996,0.0702281397155145
0.25,0.75,-0.346842047940729,0.0653724052096411
0.275,0.75,-0.295600273873354,0.061930416398726
0.3,0.75,-0.216606333796514,0.060701912855475
0.325,0.75,-0.123315556751891,0.0621579990252184
0.35,0.75,-0.0297353210048725,0.0664110106017887
0.375,0.75,0.0511771839039969,0.0732266022318543
0.4,0.75,0.108953625625942,0.0820725740418395
0.425,0.75,0.136726986810677,0.0922002211015062
0.45,0.75,0.131900775170155,0.102747041033763
0.475,0.75,0.0963100547748075,0.112848740045281
0.5,0.75,0.0358643572744133,0.121747609558097
0.525,0.75,-0.0402797027021834,0.128885004108634
0.55,0.75,-0.120920198511423,0.133967822488667
0.575,0.75,-0.194246326673073,0.137000940253693
0.6,0.75,-0.249344824371377,0.138282089120606
0.625,0.75,-0.277603781342543,0.138360467517581
0.65,0.75,-0.273849426096776,0.137963107634226
0.675,0.75,-0.237084745440003,0.137897565271006
0.7,0.75,-0.170743230175115,0.138942433301778
0.725,0.75,-0.0824232675752592,0.141739014242465
0.75,0.75,0.0168706025792551,0.146695259922266
0.775,0.75,0.113901711729164,0.153915021762892
0.8,0.75,0.194667506578956,0.163161769909631
0.825,0.75,0.246000523182423,0.17385995437181
0.85,0.75,0.257129903805309,0.18513802942342
0.875,0.75,0.221023733812757,0.195907650084054
0.9,0.75,0.135345045829218,0.204971746154129
0.925,0.75,0.00289093675751818,0.211149466217594
0.95,0.75,-0.168571267449504,0.213404849287415
0.975,0.75,-0.367082782555665,0.210960664421847
1,0.75,-0.577818531316568,0.203386571446959
0,0.775,1.14965941674356,-7.77565055950009e-16
0.025,0.775,0.955327267224606,0.0241789684435506
0.05,0.775,0.736414090018446,0.0438823807359582
0.075,0.775,0.505676393563611,0.0586587917112116
0.1,0.775,0.277583085952772,0.0683968867418443
0.125,0.775,0.0669084981758249,0.0733505224667756
0.15,0.775,-0.1128139010861,0.0741258069960868
0.175,0.775,-0.250768088890389,0.0716290183320959
0.2,0.775,-0.340052756691668,0.0669817705429041
0.225,0.775,-0.378425272223475,0.0614097898819627
0.25,0.775,-0.368489055106507,0.0561220582127053
0.275,0.775,-0.317303660919285,0.0521922961274062
0.3,0.775,-0.235481547701788,0.0504579854803208
0.325,0.775,-0.135899931576946,0.0514488513151666
0.35,0.775,-0.0321998173132456,0.055351761078282
0.375,0.775,0.0627421812575071,0.0620151671483031
0.4,0.775,0.13819486816849,0.0709907570557894
0.425,0.775,0.186656816447506,0.0816064774248122
0.45,0.775,0.204538721291088,0.093060744760025
0.475,0.775,0.192381314109896,0.104527583918641
0.5,0.775,0.154600279409413,0.11525865451423
0.525,0.775,0.0987943683825427,0.124672120542267
0.55,0.775,0.0347019758952376,0.132418264996808
0.575,0.775,-0.0270739875169943,0.138414363115257
0.6,0.775,-0.0764305815382965,0.142845847860922
0.625,0.775,-0.10506393989914,0.14613371399917
0.65,0.775,-0.107561680152908,0.148872710460872
0.675,0.775,-0.0821658579510739,0.151746471695735
0.7,0.775,-0.0311229394455695,0.155429873101548
0.725,0.775,0.039422671033459,0.160489682666901
0.75,0.775,0.119988994145715,0.167294403197787
0.775,0.775,0.198722427711809,0.17594410131885
0.8,0.775,0.262681734268729,0.186229200965904
0.825,0.775,0.299313608308221,0.197623545207684
0.85,0.775,0.29796815432114,0.209315461263215
0.875,0.775,0.25128042100086,0.22027370507645
0.9,0.775,0.156242932493461,0.229344689526275
0.925,0.775,0.0148122783927973,0.235368079359083
0.95,0.775,-0.166066845910423,0.237301385791057
0.975,0.775,-0.375070829591413,0.234334874050672
1,0.775,-0.597697028476362,0.225985019934713
0,0.8,1.15635341106731,-1.18645331118615e-16
0.025,0.8,0.974225005872572,0.0232803650719189
0.05,0.8,0.765266573029285,0.0427837802037207
0.075,0.8,0.542199379353858,0.0578783016411705
0.1,0.8,0.319590697744382,0.0682910375653107
0.125,0.8,0.11240517840552,0.0741340560297662
0.15,0.8,-0.0655656048483787,0.0758916431478945
0.175,0.8,-0.203183059116811,0.0743700676498718
0.2,0.8,-0.293143376432329,0.070613326314302
0.225,0.8,-0.332700641141,0.0657945758836851
0.25,0.8,-0.323841759408123,0.0610958712865927
0.275,0.8,-0.272910197629426,0.0575909361290182
0.3,0.8,-0.189747362878773,0.0561440853638686
0.325,0.8,-0.0864850957548746,0.0573369259766536
0.35,0.8,0.0238507462685515,0.0614295905220065
0.375,0.8,0.128756441485734,0.0683589552540176
0.4,0.8,0.217531555034186,0.0777723837068307
0.425,0.8,0.282298662678508,0.0890909789813648
0.45,0.8,0.318670827448966,0.101593265502778
0.475,0.8,0.326014086395864,0.114510115181132
0.5,0.8,0.307294468345205,0.127118474948852
0.525,0.8,0.268536731383582,0.138824347202313
0.55,0.8,0.217961168611626,0.14922644627852
0.575,0.8,0.164894295280938,0.15815354193493
0.6,0.8,0.118571113265679,0.165672403826385
0.625,0.8,0.0869561020281903,0.172066220456647
0.65,0.8,0.0757069685661196,0.177785974555348
0.675,0.8,0.0873883594727581,0.183380446977056
0.7,0.8,0.121021332808055,0.189412107421762
0.725,0.8,0.172021499235576,0.196369007625087
0.75,0.8,0.232550248303014,0.204580626198992
0.775,0.8,0.292259540489423,0.214148751115364
0.8,0.8,0.339381948274747,0.224901988150251
0.825,0.8,0.362069925961414,0.236378778990051
0.85,0.8,0.349854557746918,0.247846268038347
0.875,0.8,0.29505912953242,0.258352034171001
0.9,0.8,0.193980262603976,0.266808377855117
0.925,0.8,0.0476598720849638,0.272098518123492
0.95,0.8,-0.137903787410512,0.273195807047694
0.975,0.8,-0.352188969071225,0.269278721007144
1,0.8,-0.581216568408321,0.25982924145528
0,0.825,1.19095191368139,1.31404557792679e-15
0.025,0.825,1.02335633031477,0.0253128510697528
0.05,0.825,0.827543729827728,0.0470909646093685
0.075,0.825,0.616076767022503,0.0645967731705757
0.1,0.825,0.403400535334214,0.0774672043221082
0.125,0.825,0.204369313436588,0.0857375267534625
0.15,0.825,0.0326792662626511,0.0898262556516898
0.175,0.825,-0.100576652438156,0.0904839061376081
0.2,0.825,-0.188033833326633,0.0887081882712373
0.225,0.825,-0.226718710064945,0.0856377773681188
0.25,0.825,-0.21817929081759,0.0824348614770807
0.275,0.825,-0.168101666732236,0.0801720729651714
0.3,0.825,-0.0854929381249728,0.0797354770224624
0.325,0.825,0.0184341166637631,0.0817530719768866
0.35,0.825,0.131527105425159,0.0865557078702768
0.375,0.825,0.241961640226787,0.0941705735346588
0.4,0.825,0.339384002862284,0.104347385915824
0.425,0.825,0.415829514090392,0.116610472233771
0.45,0.825,0.466347078583231,0.130329869572546
0.475,0.825,0.489290181339315,0.144803806638109
0.5,0.825,0.486261931237737,0.159341489246634
0.525,0.825,0.461732049866445,0.173339598022232
0.55,0.825,0.422368506475412,0.18634332495424
0.575,0.825,0.376153275019205,0.198087287822681
0.6,0.825,0.331369139094305,0.208511894814663
0.625,0.825,0.295557321553789,0.217754615520794
0.65,0.825,0.274547514589234,0.226116351658282
0.675,0.825,0.271657395004699,0.234007796957646
0.7,0.825,0.287144813608778,0.241879296098695
0.725,0.825,0.317981624648604,0.250143310850072
0.75,0.825,0.357995240829675,0.259096031674608
0.775,0.825,0.398393617455622,0.268848133447423
0.8,0.825,0.428658333045256,0.279273434930307
0.825,0.825,0.437742145040842,0.289982075714533
0.85,0.825,0.415462517736975,0.300326496692482
0.875,0.825,0.353932823011112,0.309440455263325
0.9,0.825,0.248837722790466,0.316311927298203
0.925,0.825,0.100353723789429,0.319881582457198
0.95,0.825,-0.0864661312964953,0.31915858771806
0.975,0.825,-0.301957996416822,0.313337170770391
1,0.825,-0.532780803731039,0.301900006287581
0,0.85,1.24815338704331,-4.33518200704895e-16
0.025,0.85,1.09708730236506,0.030076755720618
0.05,0.85,0.917275444989616,0.056282828312967
0.075,0.85,0.720974236472862,0.0778960729350886
0.1,0.85,0.522267984184993,0.0945721734477652
0.125,0.85,0.33559139359144,0.106364704865229
0.15,0.85,0.174196539118018,0.11370568346245
0.175,0.85,0.0487790473241387,0.117351236031265
0.2,0.85,-0.033552773220868,0.118295407303708
0.225,0.85,-0.0698439061426915,0.117666801518
0.25,0.85,-0.0613530210746997,0.116616527051413
0.275,0.85,-0.0131448495255706,0.116213088510718
0.3,0.85,0.0666853134941935,0.117353721582307
0.325,0.85,0.168024279018091,0.120699740623248
0.35,0.85,0.279851225957942,0.12664030301756
0.375,0.85,0.391325551202628,0.135283967236776
0.4,0.85,0.492756698350562,0.146477944203445
0.425,0.85,0.576387738983514,0.159848533247029
0.45,0.85,0.636951735298373,0.174858375634321
0.475,0.85,0.671973481302476,0.190874435849247
0.5,0.85,0.681806556498713,0.207239076929196
0.525,0.85,0.669409332546731,0.223338979559455
0.55,0.85,0.639879984465195,0.238664268082087
0.575,0.85,0.599788369590004,0.252853903938317
0.6,0.85,0.556360478037777,0.265721860446772
0.625,0.85,0.516584731937567,0.277262497810394
0.65,0.85,0.486321091134031,0.287633022745289
0.675,0.85,0.469496777615886,0.297115408810121
0.7,0.85,0.46747547099899,0.30605985308888
0.725,0.85,0.478678666886533,0.314815965933172
0.75,0.85,0.498532184072415,0.323658202251147
0.775,0.85,0.519782354231699,0.332714540715276
0.8,0.85,0.53319931550473,0.341908277682615
0.825,0.85,0.528633710360422,0.350921672640125
0.85,0.85,0.496335293393172,0.359190185766475
0.875,0.85,0.428386130691279,0.365931563681342
0.9,0.85,0.320044363709773,0.370210448544135
0.925,0.85,0.170786126339277,0.371033078518857
0.95,0.85,-0.0151637342622729,0.367462863228849
0.975,0.85,-0.228951672998885,0.358739709764888
1,0.85,-0.457909280730327,0.344388735455464
0,0.875,1.31989119919363,2.17787271734748e-16
0.025,0.875,1.18712044550869,0.0358249144512868
0.05,0.875,1.02587094484535,0.067054947309205
0.075,0.875,0.847917609146103,0.0931047126213155
0.1,0.875,0.666730979657491,0.113750777627696
0.125,0.875,0.496020878537479,0.129147176278427
0.15,0.875,0.348268984109222,0.139801580019977
0.175,0.875,0.233459685866556,0.146517026276437
0.2,0.875,0.158176970854053,0.150306223653973
0.225,0.875,0.125161809048699,0.152292294384763
0.25,0.875,0.133342598149384,0.153605693136167
0.275,0.875,0.178273761003572,0.155291141839275
0.3,0.875,0.252869218620239,0.158231452563986
0.325,0.875,0.348297839132544,0.163093577290393
0.35,0.875,0.454917893395213,0.170298805623639
0.375,0.875,0.563158154365387,0.180014773717083
0.4,0.875,0.664286228819883,0.192169040812181
0.425,0.875,0.751031975207453,0.206478276437583
0.45,0.875,0.818053405399986,0.222491433353618
0.475,0.875,0.862234431086921,0.239642940291987
0.5,0.875,0.882804488726922,0.257311345230442
0.525,0.875,0.881271571582628,0.274880146512053
0.55,0.875,0.861161264218429,0.291795279891461
0.575,0.875,0.827569599851231,0.307614395414177
0.6,0.875,0.786550732214489,0.322042993301331
0.625,0.875,0.744380618843417,0.334952749318032
0.65,0.875,0.706755428191175,0.346379275143508
0.675,0.875,0.677999442426716,0.356497975451245
0.7,0.875,0.660368314939637,0.365578750516757
0.725,0.875,0.653542437672989,0.373924572804082
0.75,0.875,0.654401130770687,0.381798940222034
0.775,0.875,0.657152433763067,0.389352045935267
0.8,0.875,0.65386272584194,0.396556635849398
0.825,0.875,0.635376609002156,0.403163072763899
0.85,0.875,0.592554721968036,0.408685099002044
0.875,0.875,0.517686158784147,0.412421831585093
0.9,0.875,0.40587059056685,0.413517489531557
0.925,0.875,0.256141847964994,0.41105483488068
0.95,0.875,0.0721068663719329,0.404171639332233
0.975,0.875,-0.138061374014456,0.392182821336717
1,0.875,-0.362338585523424,0.374692118885731
0,0.9,1.39642149325731,1.52064190991744e-16
0.025,0.9,1.28357521334861,0.039695676666421
0.05,0.9,1.14319650816435,0.0741381003028917
0.075,0.9,0.986376124802201,0.102951347023247
0.1,0.9,0.825711905882962,0.126082994683185
0.125,0.9,0.673900610460218,0.143815240744936
0.15,0.9,0.542366060021788,0.15673824255492
0.175,0.9,0.440124863188366,0.165690731973204
0.2,0.9,0.373034966758726,0.171678649798916
0.225,0.9,0.343495329341856,0.175783545570001
0.25,0.9,0.350575804206275,0.179073004482531
0.275,0.9,0.390488576633284,0.182522788958674
0.3,0.9,0.457271906346485,0.186955964955334
0.325,0.9,0.54355500075698,0.19300241072111
0.35,0.9,0.641299265618085,0.201076941027587
0.375,0.9,0.742452326736526,0.211373879525644
0.4,0.9,0.839495205179306,0.223875962667824
0.425,0.9,0.925887490362442,0.238374017640144
0.45,0.9,0.996427670054342,0.254497010696321
0.475,0.9,1.04753418373357,0.271751049195997
0.5,0.9,1.07744039385406,0.289565759015085
0.525,0.9,1.08627631909442,0.307346444714361
0.55,0.9,1.07600864125022,0.324527870429875
0.575,0.9,1.05021057963024,0.340625510440934
0.6,0.9,1.01365283733429,0.355277766819865
0.625,0.9,0.971727411574195,0.368274447828875
0.65,0.9,0.929744411830078,0.379565739362228
0.675,0.9,0.892167111375773,0.38924921956091
0.7,0.9,0.861873840181085,0.397534275968722
0.725,0.9,0.839551151278398,0.404687062049876
0.75,0.9,0.823329322971172,0.410961266251633
0.775,0.9,0.808755191202837,0.416524511474148
0.8,0.9,0.789170374944902,0.421391240844791
0.825,0.9,0.756504103479166,0.425373746379117
0.85,0.9,0.702423035719004,0.428063230211289
0.875,0.9,0.619700099679389,0.428846678288212
0.9,0.9,0.503596717103848,0.426963557937538
0.925,0.9,0.353022866414314,0.421595889957539
0.95,0.9,0.171237864519302,0.411982876058229
0.975,0.9,-0.034083908590986,0.397540894063742
1,0.9,-0.251495035499768,0.377972274149938
0,0.925,1.46759722322293,-6.8292702751952e-17
0.025,0.925,1.37622010461286,0.0387624118708205
0.05,0.925,1.25877273584484,0.0722118072657608
0.075,0.925,1.12544061923967,0.100179208695188
0.1,0.925,0.987695397979162,0.122758873389164
0.125,0.925,0.85696377515493,0.140315630136168
0.15,0.925,0.743379273274761,0.15345908879052
0.175,0.925,0.654804624140139,0.162988569298671
0.2,0.925,0.596248949943786,0.169822511745212
0.225,0.925,0.569715325709129,0.174920324502826
0.25,0.925,0.574430412833735,0.179210621536359
0.275,0.925,0.607340362458519,0.183531044254931
0.3,0.925,0.66373467165972,0.188584044244235
0.325,0.925,0.737866390119404,0.194909630695254
0.35,0.925,0.823487036069566,0.202871477439928
0.375,0.925,0.914261430361254,0.212654578498376
0.4,0.925,1.00408332439198,0.224270743154982
0.425,0.925,1.08733374002941,0.237570663422532
0.45,0.925,1.15912756621317,0.252263055791322
0.475,0.925,1.2155720115824,0.2679411297883
0.5,0.925,1.25402617098987,0.284117033469283
0.525,0.925,1.27332541623522,0.300263705948153
0.55,0.925,1.27390987909581,0.315861908379245
0.575,0.925,1.25780366456274,0.330447711341006
0.6,0.925,1.22840023710186,0.343655189539539
0.625,0.925,1.19004519501402,0.355248232055184
0.65,0.925,1.14743639072137,0.365135449594885
0.675,0.925,1.10490176606996,0.373365064277376
0.7,0.925,1.06564477276917,0.380097538601935
0.725,0.925,1.03107151858647,0.38555880327213
0.75,0.925,1.00032440559838,0.389978859880978
0.775,0.925,0.970134138377433,0.393524154796845
0.8,0.925,0.93507279181242,0.396235075163647
0.825,0.925,0.888232771159379,0.397979016172783
0.85,0.925,0.822281760412097,0.398430683821658
0.875,0.925,0.730763488307953,0.39708591304032
0.9,0.925,0.609439708556592,0.393311965157031
0.925,0.925,0.457437638656853,0.386428655911338
0.95,0.925,0.277961026767891,0.375812063100065
0.975,0.925,0.0783856608074236,0.361002607028369
1,0.925,-0.130337822151715,0.341801735562024
0,0.95,1.52410136939285,3.09717626076733e-16
0.025,0.95,1.45563247495386,0.0312751861118237
0.05,0.95,1.36287598354989,0.0581449594632201
0.075,0.95,1.25488560792894,0.0805791670585082
0.1,0.95,1.14177460360528,0.0987330082108933
0.125,0.95,1.03348928135926,0.112951380378856
0.15,0.95,0.938707206073288,0.123748249751416
0.175,0.95,0.864031995127891,0.13176353015056
0.2,0.95,0.813582895007348,0.137710689423868
0.225,0.95,0.788987504750644,0.142318828635392
0.25,0.95,0.789699048500503,0.146282693440968
0.275,0.95,0.813503741669516,0.150221834731658
0.3,0.95,0.857068117164118,0.154652328085881
0.325,0.95,0.916404736413285,0.159970944162429
0.35,0.95,0.987191324494682,0.166447811048988
0.375,0.95,1.06494404712846,0.174226219338835
0.4,0.95,1.14510106853975,0.183325538773859
0.425,0.95,1.22309480223822,0.193647963728518
0.45,0.95,1.29448612675908,0.204989376477318
0.475,0.95,1.35519580754757,0.217055247747827
0.5,0.95,1.40182420082576,0.229483343422649
0.525,0.95,1.43200479516611,0.241873663879331
0.55,0.95,1.44470833662179,0.253823447902847
0.575,0.95,1.44041399553195,0.264964671085545
0.6,0.95,1.42107757636845,0.274998904100784
0.625,0.95,1.38986384589414,0.283724707490315
0.65,0.95,1.35065254466909,0.29105235460091
0.675,0.95,1.30737252651307,0.29700267029358
0.7,0.95,1.26325547666227,0.301688282063413
0.725,0.95,1.22013224575578,0.305278709008355
0.75,0.95,1.17790457587435,0.307953389423387
0.775,0.95,1.13431389335659,0.309849044288011
0.8,0.95,1.08509904074016,0.311010618316096
0.825,0.95,1.02457451882936,0.311353967070273
0.85,0.95,0.946586008379491,0.310649999192255
0.875,0.95,0.845718098478704,0.308534769599585
0.9,0.95,0.718555811661581,0.304548090394163
0.925,0.95,0.564768928584916,0.29819652281889
0.95,0.95,0.387783253599612,0.289033128499179
0.975,0.95,0.194863049274489,0.276740529597024
1,0.95,-0.00346915441926954,0.261204283546148
0,0.975,1.55842707834983,3.5401151401318e-16
0.025,0.975,1.51409047382592,0.017538657048166
0.05,0.975,1.44735912743148,0.0325655380022588
0.075,0.975,1.36594366308623,0.0450973860582401
0.1,0.975,1.27840577932948,0.0552465290176496
0.125,0.975,1.19306199069226,0.0632229171472064
0.15,0.975,1.11704520100009,0.0693225177046034
0.175,0.975,1.05567711473902,0.0739036978300335
0.2,0.975,1.01222590255138,0.0773589796055266
0.225,0.975,0.988028350695957,0.0800842996071092
0.25,0.975,0.982876529270628,0.0824531882443671
0.275,0.975,0.995515215914125,0.0847962372443908
0.3,0.975,1.02409831822326,0.0873874358967876
0.325,0.975,1.06648953995101,0.0904372277107554
0.35,0.975,1.12036581738862,0.0940895107647008
0.375,0.975,1.18315413591991,0.0984220363146375
0.4,0.975,1.25189370198254,0.103447814597136
0.425,0.975,1.32313257475643,0.109117938927578
0.45,0.975,1.39295687374005,0.115326370662459
0.475,0.975,1.45719772792249,0.121917295318506
0.5,0.975,1.51180474391681,0.128696531720497
0.525,0.975,1.55331566329643,0.135446991237597
0.55,0.975,1.57931779613396,0.141947729907953
0.575,0.975,1.58878982254864,0.147994548363782
0.6,0.975,1.58223335401542,0.153419699388086
0.625,0.975,1.56154284912738,0.158107733800098
0.65,0.975,1.52961465491834,0.162004529554146
0.675,0.975,1.4897479168119,0.165117384523695
0.7,0.975,1.44493049343743,0.167505331260901
0.725,0.975,1.39713821102157,0.169260427028027
0.75,0.975,1.34678365232939,0.17048198795548
0.775,0.975,1.29244012995871,0.171247686380986
0.8,0.975,1.2309334684637,0.17158633582165
0.825,0.975,1.15783359501109,0.171457280752058
0.85,0.975,1.06830666053016,0.17074143003851
0.875,0.975,0.958207131479437,0.169246811722576
0.9,0.975,0.825220627418363,0.166729798869122
0.925,0.975,0.669838360312264,0.162929609471714
0.95,0.975,0.49594174496551,0.15761212678105
0.975,0.975,0.310833198987051,0.150615228716202
1,0.975,0.124648302426321,0.141888558957266
0,1,1.56545341730366,-1.58398817345792e-16
0.025,1,1.54606448227938,-2.0973690831629e-16
0.05,1,1.50608189272413,-3.32344383482563e-16
0.075,1,1.45169923429936,3.95728406352324e-17
0.1,1,1.38979182895224,8.24703142129762e-16
0.125,1,1.32697075497834,-3.20041315675767e-16
0.15,1,1.26881682523569,1.80486608570908e-18
0.175,1,1.21942731688256,-2.68353349221328e-16
0.2,1,1.18132629902104,1.33515657341348e-16
0.225,1,1.15569360076408,-6.77898172778276e-16
0.25,1,1.14279415882959,-6.20747387831748e-16
0.275,1,1.14244348986467,1.08648356666038e-15
0.3,1,1.15435750324209,-1.03288989125085e-16
0.325,1,1.17828439889716,3.60758394633143e-17
0.35,1,1.21389845498397,6.23776763238172e-16
0.375,1,1.26051645989581,-1.02585201730546e-16
0.4,1,1.31675737577883,-3.44412924695919e-16
0.425,1,1.38028385502932,3.4026995675298e-16
0.45,1,1.44773954910446,1.29677407861296e-15
0.475,1,1.5149374098999,8.10109221635012e-17
0.5,1,1.57728119485891,-4.29265755674071e-16
0.525,1,1.63033679040403,5.85403688811219e-16
0.55,1,1.67042735619776,4.39666293660267e-16
0.575,1,1.69512149105403,3.51093367536188e-16
0.6,1,1.70350307792653,1.79322111406583e-17
0.625,1,1.69616201109335,-6.22251761825771e-17
0.65,1,1.6749005204612,9.23029158305941e-16
0.675,1,1.64220734865833,5.4052793776451e-16
0.7,1,1.60059668346512,3.72944936735511e-16
0.725,1,1.55194060449913,3.72835532322137e-16
0.75,1,1.49693259644527,1.53613258142175e-16
0.775,1,1.43480195301928,-2.32183835352205e-16
0.8,1,1.36336709204253,-7.78958573853047e-17
0.825,1,1.27945541939703,7.0417347039222e-16
0.85,1,1.17964941469849,7.13158441376873e-16
0.875,1,1.06124332787138,6.12283238768656e-16
0.9,1,0.923233939404227,-4.03448464607273e-16
0.925,1,0.767145061272017,2.83940801221042e-16
0.95,1,0.597484822830907,3.95296873515466e-16
0.975,1,0.421692315592585,-1.77957156185467e-16
1,1,0.249524019082039,-5.07556077516191e-17
